Month,count
March 2024,12358.0
April 2024,10624.0
May 2024,8123.5
June 2024,5623.0
July 2024,8361.0
August 2024,8607.0
September 2024,6838.0
October 2024,7228.0
November 2024,5494.000000000001
December 2024,2993.500000000001
January 2025,493.0000000000009
February 2025,3231.0000000000014
March 2025,3477.0000000000014
April 2025,1708.0000000000014
